Name,Team,Game,Pos,PA,H,1B,2B,3B,HR,R,RBI,SB,CS,BB,SO,Yahoo,FanDuel,DraftKings,playerid
Jose Abreu,White Sox,ATL @ CHA,1B,4.39,1.19,0.69,0.22,0.01,0.28,0.74,0.81,0.02,0.01,0.48,0.83,8.63,13.5,10.11,15676
Miguel Cabrera,Tigers,DET @ TOR,1B,4.49,1.13,0.62,0.25,0.01,0.25,0.7,0.68,0.01,0.01,0.63,0.87,8.32,12.96,9.71,1744
Matt Adams,Cardinals,SLN @ MIL,1B,4.41,1.16,0.73,0.2,0.01,0.23,0.65,0.8,0.03,0.02,0.38,1.01,7.89,12.36,9.32,9393
Hanley Ramirez,Red Sox,TBA @ BOS,1B,4.33,1.09,0.68,0.25,0.01,0.15,0.63,0.76,0.08,0.04,0.45,0.88,7.6,11.9,8.92,8001
Adrian Gonzalez,Dodgers,SDN @ LAN,1B,4.27,1.11,0.73,0.19,0,0.19,0.63,0.7,0.01,0,0.46,0.64,7.4,11.57,8.72,1908
Anthony Rizzo,Cubs,CHN @ PIT,1B,4.61,0.93,0.57,0.18,0.01,0.17,0.59,0.61,0.05,0.04,0.71,0.82,7.3,11.37,8.46,3473
Chris Carter,Brewers,SLN @ MIL,1B,4.16,0.8,0.38,0.16,0,0.26,0.59,0.69,0.02,0.01,0.55,1.38,7.22,11.29,8.3,9911
Mark Reynolds,Rockies,PHI @ COL,1B,4.1,0.93,0.53,0.19,0.01,0.21,0.59,0.63,0.04,0.02,0.54,1.18,7.17,11.18,8.34,7619
Paul Goldschmidt,Diamondbacks,ARI @ SFN,1B,4.38,0.99,0.6,0.22,0.01,0.15,0.53,0.51,0.11,0.05,0.61,0.99,7.12,11.04,8.38,9218
Wil Myers,Padres,SDN @ LAN,1B,4.45,0.99,0.58,0.2,0.01,0.2,0.58,0.46,0.11,0.06,0.46,1.02,7.05,10.92,8.36,10047
Logan Morrison,Rays,TBA @ BOS,1B,4.49,1.05,0.66,0.24,0.02,0.14,0.58,0.6,0.07,0.04,0.44,0.71,6.99,10.9,8.27,9205
Eric Hosmer,Royals,SEA @ KCA,1B,4.19,1.14,0.77,0.21,0.01,0.15,0.54,0.59,0.05,0.02,0.32,0.64,6.72,10.48,8.07,3516
Tommy Joseph,Phillies,PHI @ COL,1B,4.2,1.05,0.63,0.22,0.01,0.2,0.51,0.6,0.04,0.02,0.22,0.94,6.55,10.23,7.84,10349
Justin Smoak,Blue Jays,DET @ TOR,1B,4.03,0.85,0.49,0.18,0,0.18,0.58,0.6,0.02,0.01,0.53,0.88,6.63,10.37,7.69,9054
Marwin Gonzalez,Astros,OAK @ HOU,1B,4.51,1.03,0.69,0.21,0.01,0.12,0.55,0.49,0.12,0.07,0.33,0.97,6.47,10.07,7.76,5497
Brandon Belt,Giants,ARI @ SFN,1B,4.3,0.99,0.64,0.21,0.02,0.11,0.54,0.45,0.04,0.03,0.53,0.9,6.36,9.87,7.52,10264
Adam Lind,Mariners,SEA @ KCA,1B,4.19,0.99,0.66,0.18,0,0.14,0.51,0.56,0.02,0.01,0.45,0.72,6.31,9.84,7.46,8027
Jurickson Profar,Rangers,MIN @ TEX,1B,4.1,1.02,0.72,0.19,0.02,0.09,0.52,0.54,0.08,0.04,0.38,0.55,6.24,9.74,7.45,10815
Mike Napoli,Indians,NYA @ CLE,1B,4.26,0.77,0.43,0.17,0.01,0.16,0.51,0.56,0.03,0.02,0.55,1.46,6.24,9.74,7.21,3057
Dae-Ho Lee,Mariners,SEA @ KCA,1B,4.3,0.96,0.67,0.17,0,0.13,0.5,0.55,0.01,0.01,0.38,0.85,5.95,9.29,7.05,18722
Mark Teixeira,Yankees,NYA @ CLE,1B,4.16,0.79,0.43,0.14,0,0.21,0.48,0.5,0.02,0.01,0.42,1.24,5.98,9.32,6.99,1281
A.J. Reed,Astros,OAK @ HOU,1B,3.86,0.81,0.52,0.14,0.01,0.15,0.52,0.53,0.01,0.01,0.45,0.98,5.89,9.2,6.87,16246
John Jaso,Pirates,CHN @ PIT,1B,4.48,0.97,0.69,0.2,0.01,0.08,0.52,0.27,0.06,0.03,0.54,0.81,5.74,8.86,6.86,5887
Freddie Freeman,Braves,ATL @ CHA,1B,4.32,0.86,0.53,0.17,0.02,0.14,0.43,0.43,0.02,0.01,0.47,1.42,5.7,8.85,6.74,5361
Joey Votto,Reds,CIN @ MIA,1B,4.28,0.74,0.5,0.16,0.01,0.07,0.41,0.31,0.07,0.03,0.9,1.28,5.78,8.91,6.67,4314
Joe Mauer,Twins,MIN @ TEX,1B,4.6,0.99,0.75,0.16,0.01,0.06,0.5,0.37,0.02,0.01,0.52,0.98,5.59,8.67,6.67,1857
Yonder Alonso,Athletics,OAK @ HOU,1B,3.9,0.89,0.63,0.16,0.01,0.1,0.4,0.39,0.05,0.03,0.36,0.56,5.23,8.12,6.28,2530
Ryan Zimmerman,Nationals,WAS @ NYN,1B,4.06,0.76,0.46,0.16,0.01,0.13,0.35,0.43,0.02,0.01,0.31,1.25,4.91,7.65,5.83,4220
Chris Johnson,Marlins,CIN @ MIA,1B,3.96,0.87,0.61,0.17,0.01,0.07,0.37,0.47,0.03,0.01,0.27,1.02,4.87,7.61,5.84,1191
Alex Dickerson,Padres,SDN @ LAN,1B,4.05,0.86,0.59,0.17,0.01,0.1,0.34,0.41,0.02,0.01,0.24,0.94,4.73,7.37,5.72,12649
James Loney,Mets,WAS @ NYN,1B,3.97,0.91,0.68,0.14,0,0.08,0.35,0.37,0.02,0.01,0.29,0.63,4.7,7.31,5.72,4556
Jose Altuve,Astros,OAK @ HOU,2B,4.4,1.26,0.88,0.26,0.02,0.1,0.58,0.56,0.25,0.1,0.39,0.43,7.77,12.05,9.4,5417
Logan Forsythe,Rays,TBA @ BOS,2B,4.83,1.19,0.75,0.3,0.01,0.13,0.68,0.48,0.1,0.05,0.44,0.85,7.4,11.48,8.84,7185
Robinson Cano,Mariners,SEA @ KCA,2B,4.61,1.21,0.83,0.22,0.01,0.15,0.62,0.64,0.03,0.02,0.41,0.58,7.26,11.33,8.66,3269
Dustin Pedroia,Red Sox,TBA @ BOS,2B,4.64,1.2,0.82,0.28,0.01,0.09,0.67,0.56,0.07,0.03,0.47,0.66,7.18,11.19,8.55,8370
Brett Lawrie,White Sox,ATL @ CHA,2B,4.08,0.99,0.61,0.19,0,0.19,0.59,0.65,0.07,0.04,0.42,0.91,7.14,11.15,8.4,5247
Rougned Odor,Rangers,MIN @ TEX,2B,4.21,1.09,0.74,0.19,0.03,0.14,0.58,0.7,0.1,0.07,0.3,0.6,7.06,11.05,8.41,12282
DJ LeMahieu,Rockies,PHI @ COL,2B,4.5,1.2,0.89,0.21,0.04,0.07,0.64,0.44,0.16,0.08,0.43,0.78,7.01,10.87,8.48,9874
Ian Kinsler,Tigers,DET @ TOR,2B,4.72,1.08,0.65,0.25,0.02,0.16,0.61,0.48,0.08,0.05,0.34,0.7,6.92,10.73,8.26,6195
Jason Kipnis,Indians,NYA @ CLE,2B,4.46,1.04,0.71,0.19,0.02,0.12,0.57,0.44,0.11,0.04,0.49,0.99,6.66,10.32,7.94,9776
Brian Dozier,Twins,MIN @ TEX,2B,4.41,0.9,0.53,0.2,0.02,0.14,0.51,0.56,0.07,0.04,0.53,0.9,6.65,10.36,7.79,9810
Scooter Gennett,Brewers,SLN @ MIL,2B,4.46,1.2,0.88,0.2,0.01,0.11,0.57,0.46,0.07,0.04,0.31,0.75,6.48,10.07,7.88,10339
Ben Zobrist,Cubs,CHN @ PIT,2B,4.82,1.06,0.72,0.26,0.01,0.07,0.64,0.37,0.05,0.04,0.62,0.68,6.57,10.17,7.76,7435
Chase Utley,Dodgers,SDN @ LAN,2B,4.58,1.07,0.74,0.2,0.02,0.11,0.64,0.43,0.06,0.03,0.46,0.58,6.53,10.14,7.78,1679
Derek Dietrich,Marlins,CIN @ MIA,2B,4.47,0.96,0.64,0.17,0.02,0.13,0.61,0.38,0.03,0.01,0.6,0.81,6.44,9.97,7.58,10542
Devon Travis,Blue Jays,DET @ TOR,2B,3.79,0.96,0.62,0.23,0.01,0.1,0.5,0.53,0.08,0.04,0.29,0.51,6,9.37,7.16,13862
Whit Merrifield,Royals,SEA @ KCA,2B,4.39,1.09,0.78,0.24,0.02,0.06,0.48,0.41,0.18,0.09,0.18,0.64,5.9,9.15,7.24,11281
Jean Segura,Diamondbacks,ARI @ SFN,2B,4.59,1.1,0.84,0.17,0.04,0.05,0.45,0.28,0.23,0.1,0.21,0.62,5.78,8.9,7.2,5933
Daniel Murphy,Nationals,WAS @ NYN,2B,4.38,1.06,0.74,0.21,0.01,0.1,0.46,0.41,0.05,0.03,0.29,0.69,5.71,8.86,6.94,4316
Jed Lowrie,Athletics,OAK @ HOU,2B,4.54,0.98,0.67,0.2,0.01,0.1,0.5,0.43,0.01,0.01,0.41,0.79,5.72,8.9,6.82,4418
Cesar Hernandez,Phillies,PHI @ COL,2B,3.97,1.02,0.8,0.15,0.04,0.03,0.4,0.36,0.14,0.07,0.35,0.79,5.5,8.5,6.73,10556
Neil Walker,Mets,WAS @ NYN,2B,4.19,0.82,0.52,0.14,0,0.16,0.43,0.42,0.02,0.01,0.43,1.14,5.53,8.59,6.53,7539
Grant Green,Giants,ARI @ SFN,2b,4.4,1.05,0.75,0.21,0.03,0.06,0.48,0.36,0.04,0.03,0.23,0.73,5.31,8.25,6.49,10053
Josh Harrison,Pirates,CHN @ PIT,2B,3.97,0.97,0.69,0.22,0.02,0.04,0.32,0.45,0.13,0.07,0.21,0.71,5.21,8.1,6.38,8202
Chase d'Arnaud,Braves,ATL @ CHA,2B,4.42,0.93,0.68,0.17,0.02,0.06,0.39,0.3,0.16,0.09,0.29,1.02,5.23,8.07,6.4,6652
Starlin Castro,Yankees,NYA @ CLE,2B,4.05,0.92,0.62,0.22,0.01,0.07,0.36,0.36,0.04,0.02,0.16,0.84,4.67,7.25,5.7,4579
Jace Peterson,Braves,ATL @ CHA,2B,4.52,0.78,0.59,0.14,0.02,0.03,0.33,0.24,0.1,0.06,0.35,1.29,4.36,6.72,5.29,12325
Brandon Phillips,Reds,CIN @ MIA,2B,3.96,0.81,0.6,0.15,0.01,0.04,0.26,0.31,0.09,0.05,0.24,0.84,4.23,6.56,5.19,791
Nolan Arenado,Rockies,PHI @ COL,3B,4.4,1.21,0.65,0.27,0.02,0.26,0.71,0.83,0.04,0.03,0.38,0.7,8.61,13.47,10.14,9777
Josh Donaldson,Blue Jays,DET @ TOR,3B,4.55,1.14,0.62,0.27,0.03,0.22,0.78,0.68,0.05,0.02,0.57,0.67,8.52,13.28,9.96,5038
Todd Frazier,White Sox,ATL @ CHA,3B,4.18,0.98,0.53,0.19,0,0.26,0.68,0.79,0.1,0.05,0.5,0.8,8.21,12.85,9.55,785
Evan Longoria,Rays,TBA @ BOS,3B,4.6,1.16,0.64,0.29,0,0.22,0.64,0.72,0.02,0.01,0.37,0.89,7.77,12.14,9.17,9368
Kris Bryant,Cubs,CHN @ PIT,3B,4.72,1.03,0.63,0.22,0.01,0.17,0.67,0.52,0.07,0.05,0.73,1.27,7.63,11.84,8.89,15429
Miguel Sano,Twins,MIN @ TEX,3B,4.51,0.88,0.45,0.17,0.01,0.25,0.62,0.63,0.02,0.02,0.67,1.46,7.55,11.76,8.71,12164
Maikel Franco,Phillies,PHI @ COL,3B,4.41,1.17,0.71,0.25,0.02,0.19,0.6,0.7,0.02,0.01,0.33,0.78,7.36,11.51,8.76,12179
Adrian Beltre,Rangers,MIN @ TEX,3B,4.41,1.2,0.82,0.23,0.01,0.14,0.62,0.66,0.01,0,0.35,0.43,7.08,11.07,8.45,639
Kyle Seager,Mariners,SEA @ KCA,3B,4.4,1.03,0.65,0.22,0.01,0.14,0.59,0.63,0.05,0.03,0.52,0.6,7.04,11,8.27,9785
Justin Turner,Dodgers,SDN @ LAN,3B,4.36,1.11,0.73,0.26,0.01,0.12,0.58,0.53,0.04,0.02,0.43,0.6,6.7,10.44,7.98,5235
Nick Castellanos,Tigers,DET @ TOR,3B,4.3,1.02,0.59,0.23,0.02,0.17,0.54,0.63,0.02,0.01,0.32,1.08,6.7,10.47,7.93,11737
Luis Valbuena,Astros,OAK @ HOU,3B,4.09,0.82,0.5,0.16,0,0.16,0.55,0.58,0.02,0.01,0.61,0.91,6.52,10.18,7.53,4969
Jhonny Peralta,Cardinals,SLN @ MIL,3B,4.3,0.98,0.61,0.23,0.01,0.14,0.52,0.58,0.02,0.02,0.44,0.8,6.43,10.03,7.57,1738
Travis Shaw,Red Sox,TBA @ BOS,3B,4.01,0.94,0.61,0.22,0.01,0.09,0.51,0.57,0.04,0.02,0.42,0.98,6.05,9.47,7.13,11982
Jake Lamb,Diamondbacks,ARI @ SFN,3B,4.3,1.01,0.69,0.18,0.04,0.1,0.44,0.52,0.05,0.02,0.37,1.02,5.99,9.33,7.18,13329
Danny Valencia,Athletics,OAK @ HOU,3B,4.34,0.97,0.59,0.21,0.01,0.16,0.47,0.55,0.02,0.01,0.25,1.09,5.95,9.29,7.1,6364
Javier Baez,Cubs,CHN @ PIT,3B,3.95,0.87,0.56,0.19,0,0.12,0.46,0.47,0.09,0.06,0.32,1.05,5.73,8.92,6.83,12979
Martin Prado,Marlins,CIN @ MIA,3B,4.37,1.01,0.73,0.2,0.02,0.06,0.52,0.35,0.02,0.01,0.39,0.51,5.49,8.52,6.61,3312
Adonis Garcia,Braves,ATL @ CHA,3B,4.12,0.97,0.66,0.17,0,0.13,0.41,0.49,0.04,0.02,0.2,0.92,5.45,8.5,6.59,13777
Jose Reyes,Mets,WAS @ NYN,3B,4.38,0.91,0.66,0.17,0.01,0.07,0.41,0.26,0.19,0.07,0.3,0.85,5.31,8.17,6.48,1736
Hernan Perez,Brewers,SLN @ MIL,3B,3.94,0.91,0.64,0.19,0.02,0.06,0.37,0.44,0.16,0.06,0.19,0.74,5.27,8.2,6.43,5751
Yangervis Solarte,Padres,SDN @ LAN,3B,4.27,0.96,0.68,0.19,0,0.09,0.42,0.44,0.01,0.01,0.33,0.59,5.29,8.24,6.37,5352
David Freese,Pirates,CHN @ PIT,3B,4.09,0.87,0.61,0.19,0,0.07,0.39,0.49,0.02,0.01,0.38,1.16,5.12,8,6.08,9549
Cheslor Cuthbert,Royals,SEA @ KCA,3B,3.86,0.92,0.64,0.18,0.01,0.09,0.39,0.44,0.04,0.02,0.2,0.61,5.03,7.85,6.1,10473
Chase Headley,Yankees,NYA @ CLE,3B,3.81,0.82,0.55,0.17,0,0.1,0.41,0.37,0.04,0.02,0.35,1.07,5.02,7.79,5.98,4720
Anthony Rendon,Nationals,WAS @ NYN,3B,3.93,0.76,0.48,0.18,0.01,0.09,0.32,0.36,0.08,0.04,0.38,1.09,4.91,7.61,5.85,12861
Ryan Schimpf,Padres,SDN @ LAN,3B,3.8,0.63,0.37,0.13,0,0.14,0.32,0.39,0.03,0.02,0.33,1.11,4.54,7.07,5.33,9953
Gordon Beckham,Braves,ATL @ CHA,3B,3.63,0.73,0.49,0.15,0,0.09,0.32,0.34,0.03,0.02,0.3,0.77,4.37,6.79,5.23,9015
Eugenio Suarez,Reds,CIN @ MIA,3B,3.83,0.67,0.45,0.13,0.02,0.07,0.25,0.29,0.07,0.04,0.31,1.3,4.07,6.29,4.89,12552
Buster Posey,Giants,ARI @ SFN,C,4.21,1.13,0.74,0.24,0.01,0.14,0.57,0.61,0.02,0.01,0.47,0.36,6.96,10.86,8.26,9166
Russell Martin,Blue Jays,DET @ TOR,C,4.24,0.9,0.53,0.19,0.01,0.17,0.62,0.66,0.04,0.03,0.54,0.81,7,10.96,8.11,4616
Jonathan Lucroy,Brewers,SLN @ MIL,C,4.26,1.04,0.66,0.23,0.02,0.12,0.55,0.57,0.03,0.01,0.43,0.64,6.58,10.27,7.79,7870
Willson Contreras,Cubs,CHN @ PIT,C,4.51,1.06,0.76,0.21,0.02,0.08,0.49,0.6,0.05,0.03,0.47,0.79,6.39,9.98,7.59,11609
Nick Hundley,Rockies,PHI @ COL,C,3.87,0.98,0.61,0.2,0.02,0.14,0.51,0.57,0.05,0.03,0.37,0.84,6.38,9.96,7.57,3376
Dioner Navarro,White Sox,ATL @ CHA,C,3.96,0.95,0.64,0.14,0.01,0.16,0.53,0.59,0.03,0.02,0.4,0.64,6.34,9.91,7.48,3179
Brian McCann,Yankees,NYA @ CLE,C,4.28,0.89,0.56,0.12,0,0.21,0.51,0.57,0.01,0,0.42,0.93,6.3,9.84,7.41,4810
Cameron Rupp,Phillies,PHI @ COL,C,4.31,0.99,0.62,0.21,0.01,0.14,0.51,0.56,0.02,0.01,0.34,1.21,6.22,9.72,7.4,11146
Yasmani Grandal,Dodgers,SDN @ LAN,C,3.82,0.8,0.49,0.15,0,0.15,0.48,0.54,0.03,0.02,0.59,0.75,6.16,9.6,7.14,11368
Salvador Perez,Royals,SEA @ KCA,C,4.09,1.06,0.69,0.21,0.01,0.15,0.46,0.58,0.01,0,0.14,0.66,5.87,9.19,7.1,7304
Yadier Molina,Cardinals,SLN @ MIL,C,4.19,1,0.7,0.21,0.01,0.08,0.45,0.5,0.04,0.02,0.38,0.51,5.75,8.96,6.87,7007
Derek Norris,Padres,SDN @ LAN,C,4.16,0.84,0.5,0.19,0,0.15,0.44,0.5,0.04,0.02,0.38,1.04,5.76,8.97,6.79,6867
Stephen Vogt,Athletics,OAK @ HOU,C,4.14,0.94,0.61,0.16,0.01,0.15,0.46,0.46,0.02,0.01,0.33,0.79,5.7,8.87,6.81,5000
Curt Casali,Rays,TBA @ BOS,C,3.96,0.77,0.45,0.19,0,0.13,0.47,0.48,0.03,0.01,0.37,1.09,5.48,8.55,6.42,12510
Wilson Ramos,Nationals,WAS @ NYN,C,4.18,0.87,0.58,0.15,0,0.14,0.39,0.54,0.01,0,0.22,1,5.25,8.22,6.27,1433
Welington Castillo,Diamondbacks,ARI @ SFN,C,4.19,0.86,0.57,0.18,0.01,0.11,0.39,0.52,0.02,0.01,0.29,1.02,5.24,8.2,6.23,3256
Miguel Montero,Cubs,CHN @ PIT,C,4.4,0.76,0.56,0.12,0,0.07,0.42,0.51,0.02,0.01,0.55,1.13,5.27,8.24,6.13,3364
Chris Iannetta,Mariners,SEA @ KCA,C,4.08,0.71,0.46,0.16,0,0.09,0.45,0.43,0.02,0.01,0.57,0.95,5.27,8.21,6.1,8267
Sandy Leon,Red Sox,TBA @ BOS,C,3.89,0.84,0.58,0.2,0.01,0.05,0.47,0.47,0.03,0.01,0.39,0.93,5.2,8.13,6.13,5273
J.T. Realmuto,Marlins,CIN @ MIA,C,3.84,0.89,0.61,0.19,0.02,0.07,0.36,0.43,0.09,0.04,0.29,0.57,5.17,8.04,6.23,11739
Tyler Flowers,Braves,ATL @ CHA,C,4,0.75,0.47,0.13,0,0.15,0.38,0.4,0.01,0.01,0.3,1.52,4.86,7.57,5.78,9134
Yan Gomes,Indians,NYA @ CLE,C,3.69,0.75,0.45,0.18,0.01,0.12,0.41,0.45,0.01,0.01,0.22,1.08,4.82,7.54,5.71,9627
Kurt Suzuki,Twins,MIN @ TEX,C,3.97,0.85,0.61,0.17,0.01,0.06,0.39,0.43,0.01,0.01,0.32,0.57,4.79,7.47,5.73,8259
Travis d'Arnaud,Mets,WAS @ NYN,C,3.61,0.74,0.46,0.16,0.01,0.12,0.31,0.41,0.02,0.01,0.31,0.85,4.66,7.25,5.54,7739
James McCann,Tigers,DET @ TOR,C,3.96,0.81,0.52,0.18,0.02,0.08,0.37,0.38,0.02,0.01,0.23,1.02,4.58,7.13,5.51,12859
Bobby Wilson,Rangers,MIN @ TEX,C,3.75,0.74,0.54,0.14,0.01,0.06,0.41,0.42,0.04,0.02,0.31,0.78,4.55,7.12,5.39,6564
Chris Herrmann,Diamondbacks,ARI @ SFN,C,3.96,0.79,0.59,0.12,0.03,0.06,0.29,0.33,0.06,0.03,0.31,0.94,4.37,6.79,5.31,9284
Erik Kratz,Pirates,CHN @ PIT,C,3.72,0.64,0.43,0.15,0.01,0.06,0.25,0.35,0.03,0.01,0.22,1.08,3.7,5.78,4.44,4403
Tucker Barnhart,Reds,CIN @ MIA,C,3.71,0.63,0.49,0.12,0,0.02,0.21,0.23,0.02,0.01,0.4,1,3.44,5.32,4.13,10200
Charlie Blackmon,Rockies,PHI @ COL,CF,4.62,1.21,0.84,0.18,0.03,0.17,0.74,0.53,0.27,0.11,0.49,0.79,8.53,13.2,10.21,7859
Kolten Wong,Cardinals,SLN @ MIL,CF,4.84,1.23,0.91,0.16,0.03,0.14,0.7,0.46,0.16,0.08,0.51,0.7,7.72,11.95,9.29,12532
Odubel Herrera,Phillies,PHI @ COL,CF,4.74,1.25,0.94,0.17,0.03,0.1,0.66,0.43,0.21,0.11,0.47,0.95,7.51,11.62,9.1,11476
Ian Desmond,Rangers,MIN @ TEX,CF,4.52,1.08,0.7,0.22,0.02,0.14,0.65,0.57,0.14,0.06,0.42,1.07,7.34,11.42,8.71,6885
Jacoby Ellsbury,Yankees,NYA @ CLE,CF,4.7,1.11,0.81,0.18,0.02,0.11,0.54,0.41,0.27,0.09,0.34,0.88,6.95,10.74,8.46,4727
Leonys Martin,Mariners,SEA @ KCA,CF,4.84,1.04,0.77,0.16,0.02,0.09,0.58,0.46,0.24,0.12,0.42,1.02,6.89,10.68,8.28,11846
Jackie Bradley Jr.,Red Sox,TBA @ BOS,CF,4.22,0.98,0.62,0.23,0.03,0.09,0.55,0.58,0.08,0.03,0.5,1.04,6.69,10.44,7.88,12984
Marcell Ozuna,Marlins,CIN @ MIA,CF,4.19,0.97,0.6,0.19,0.03,0.15,0.56,0.66,0.02,0.01,0.4,0.86,6.67,10.45,7.85,10324
Cameron Maybin,Tigers,DET @ TOR,CF,4.6,1,0.65,0.23,0.02,0.1,0.57,0.4,0.15,0.08,0.42,0.9,6.52,10.1,7.79,5223
Kirk Nieuwenhuis,Brewers,SLN @ MIL,CF,4.06,0.87,0.53,0.18,0.01,0.15,0.49,0.52,0.12,0.06,0.48,1.19,6.49,10.09,7.63,6400
Randal Grichuk,Cardinals,SLN @ MIL,CF,4.08,0.87,0.47,0.18,0.03,0.19,0.48,0.62,0.06,0.03,0.33,1.06,6.46,10.1,7.61,10243
Carlos Gomez,Astros,OAK @ HOU,CF,3.98,0.87,0.53,0.21,0.01,0.12,0.5,0.51,0.15,0.06,0.42,1.06,6.4,9.95,7.55,4881
Andrew McCutchen,Pirates,CHN @ PIT,CF,4.29,0.94,0.62,0.21,0.01,0.1,0.5,0.43,0.08,0.04,0.58,1.05,6.32,9.8,7.46,9847
Kevin Pillar,Blue Jays,DET @ TOR,CF,3.92,1.03,0.67,0.26,0.02,0.09,0.49,0.53,0.13,0.05,0.22,0.49,6.17,9.62,7.43,12434
Billy Hamilton,Reds,CIN @ MIA,CF,4.38,0.81,0.62,0.14,0.02,0.03,0.35,0.21,0.44,0.14,0.34,1.24,5.72,8.75,7.01,10199
Yoenis Cespedes,Mets,WAS @ NYN,CF,4.09,0.87,0.51,0.17,0.01,0.18,0.42,0.5,0.03,0.02,0.25,1.25,5.69,8.87,6.78,13110
Ben Revere,Nationals,WAS @ NYN,CF,4.58,1.06,0.9,0.11,0.02,0.02,0.4,0.21,0.29,0.11,0.23,0.66,5.4,8.29,6.79,4712
Michael Bourn,Diamondbacks,ARI @ SFN,CF,4.49,1.01,0.79,0.15,0.04,0.03,0.45,0.25,0.18,0.08,0.34,1.01,5.43,8.36,6.68,6387
Tyler Naquin,Indians,NYA @ CLE,CF,3.81,0.86,0.61,0.14,0.02,0.09,0.42,0.43,0.1,0.05,0.33,1.09,5.4,8.4,6.47,13359
Byron Buxton,Twins,MIN @ TEX,CF,3.84,0.83,0.54,0.16,0.05,0.08,0.4,0.41,0.14,0.06,0.29,1.1,5.39,8.38,6.48,14161
J.B. Shuck,White Sox,ATL @ CHA,CF,3.72,0.9,0.68,0.13,0.03,0.06,0.45,0.42,0.11,0.06,0.33,0.35,5.35,8.33,6.44,6677
Billy Burns,Athletics,OAK @ HOU,CF,3.78,0.86,0.68,0.14,0.02,0.02,0.35,0.31,0.22,0.07,0.24,0.61,4.92,7.61,6.05,12701
Edwin Encarnacion,Blue Jays,DET @ TOR,DH,4.45,1.08,0.55,0.24,0,0.29,0.74,0.82,0.02,0.01,0.57,0.59,8.73,13.65,10.12,2151
David Ortiz,Red Sox,TBA @ BOS,DH,4.43,1.09,0.63,0.27,0.01,0.18,0.72,0.74,0.02,0.01,0.68,0.77,8.19,12.8,9.49,745
Carlos Santana,Indians,NYA @ CLE,DH,4.56,0.92,0.52,0.17,0,0.22,0.7,0.49,0.08,0.04,0.8,0.92,7.78,12.05,8.99,2396
Nelson Cruz,Mariners,SEA @ KCA,DH,4.51,1.02,0.6,0.21,0.01,0.21,0.61,0.69,0.01,0.01,0.44,1.09,7.25,11.34,8.49,2434
Prince Fielder,Rangers,MIN @ TEX,DH,4.31,1.1,0.76,0.2,0,0.14,0.64,0.66,0.01,0,0.52,0.5,7.11,11.12,8.36,4613
Victor Martinez,Tigers,DET @ TOR,DH,4.4,1.13,0.71,0.25,0,0.18,0.57,0.67,0.01,0.01,0.33,0.62,6.98,10.92,8.29,393
Corey Dickerson,Rays,TBA @ BOS,DH,4.18,1.07,0.64,0.26,0.03,0.14,0.53,0.59,0.04,0.03,0.28,0.87,6.61,10.32,7.9,10762
Kendrys Morales,Royals,SEA @ KCA,DH,4.28,1.08,0.69,0.21,0,0.17,0.54,0.58,0.01,0,0.32,0.71,6.56,10.24,7.83,8610
Evan Gattis,Astros,OAK @ HOU,DH,3.74,0.84,0.46,0.16,0.03,0.2,0.54,0.62,0.01,0,0.32,0.85,6.27,9.82,7.33,11003
Avisail Garcia,White Sox,ATL @ CHA,DH,3.84,0.95,0.67,0.14,0.01,0.14,0.5,0.54,0.06,0.03,0.36,0.84,6.06,9.46,7.22,5760
Kennys Vargas,Twins,MIN @ TEX,DH,4.3,0.9,0.6,0.15,0.01,0.14,0.47,0.56,0.01,0.01,0.41,1.12,5.87,9.18,6.93,12101
Brandon Barnes,Rockies,PHI @ COL,DH,3.99,0.91,0.61,0.2,0.02,0.08,0.46,0.47,0.12,0.07,0.33,1.13,5.82,9.05,6.95,629
Mac Williamson,Giants,ARI @ SFN,DH,4,0.87,0.59,0.17,0.01,0.1,0.41,0.5,0.03,0.02,0.38,0.79,5.42,8.46,6.44,14158
Alex Rodriguez,Yankees,NYA @ CLE,DH,4.39,0.81,0.52,0.16,0,0.13,0.43,0.47,0.03,0.02,0.36,1.4,5.39,8.4,6.37,1274
Jarrett Parker,Giants,ARI @ SFN,DH,3.75,0.74,0.52,0.12,0.01,0.09,0.36,0.43,0.07,0.04,0.41,1.15,4.98,7.75,5.89,11624
Ryan Braun,Brewers,SLN @ MIL,LF,4.36,1.12,0.67,0.23,0.02,0.2,0.61,0.65,0.11,0.05,0.42,0.84,7.81,12.16,9.27,3410
Matt Holliday,Cardinals,SLN @ MIL,LF,4.62,1.06,0.63,0.24,0.01,0.18,0.67,0.61,0.02,0.01,0.66,0.76,7.71,12.01,9,1873
Michael Saunders,Blue Jays,DET @ TOR,LF,4.35,1.07,0.64,0.25,0.02,0.16,0.63,0.66,0.04,0.02,0.51,0.88,7.47,11.67,8.77,9981
Melky Cabrera,White Sox,ATL @ CHA,LF,4.29,1.2,0.83,0.21,0.01,0.15,0.65,0.7,0.02,0.01,0.4,0.46,7.36,11.51,8.74,4022
Cody Asche,Phillies,PHI @ COL,LF,4.52,1.13,0.73,0.21,0.01,0.18,0.57,0.65,0.05,0.03,0.36,1.05,7.17,11.2,8.54,11997
Justin Upton,Tigers,DET @ TOR,LF,4.2,0.88,0.45,0.2,0.01,0.22,0.53,0.61,0.07,0.04,0.46,1.24,7,10.91,8.18,5222
Brandon Guyer,Rays,TBA @ BOS,LF,4.39,1.06,0.67,0.27,0.01,0.11,0.56,0.61,0.09,0.04,0.41,0.74,6.88,10.73,8.15,2636
Alex Gordon,Royals,SEA @ KCA,LF,4.49,1.11,0.74,0.22,0.01,0.14,0.6,0.48,0.07,0.03,0.44,0.96,6.85,10.64,8.18,5209
Christian Yelich,Marlins,CIN @ MIA,LF,4.28,1.06,0.75,0.2,0.02,0.09,0.58,0.45,0.11,0.05,0.59,0.7,6.84,10.6,8.13,11477
Colby Rasmus,Astros,OAK @ HOU,LF,4.2,0.84,0.5,0.15,0.01,0.19,0.57,0.64,0.04,0.02,0.51,1.3,6.69,10.47,7.76,9893
Starling Marte,Pirates,CHN @ PIT,LF,4.19,1.02,0.72,0.22,0.02,0.07,0.45,0.51,0.22,0.1,0.34,1.03,6.48,10.07,7.82,9241
Khris Davis,Athletics,OAK @ HOU,LF,4.24,0.9,0.48,0.19,0.01,0.21,0.52,0.58,0.04,0.02,0.31,1.19,6.49,10.13,7.66,9112
Brett Gardner,Yankees,NYA @ CLE,LF,4.59,1.01,0.69,0.2,0.01,0.11,0.5,0.44,0.15,0.06,0.42,1.12,6.42,9.95,7.69,9927
Coco Crisp,Athletics,OAK @ HOU,LF,4.66,0.94,0.62,0.19,0.01,0.12,0.53,0.43,0.15,0.05,0.45,0.75,6.43,9.97,7.64,1572
Oswaldo Arcia,Rays,TBA @ BOS,LF,4.07,0.95,0.55,0.22,0.01,0.16,0.53,0.57,0.03,0.02,0.37,1.1,6.42,10.02,7.58,10306
Jose Ramirez,Indians,NYA @ CLE,LF,4.16,0.99,0.72,0.2,0.01,0.07,0.46,0.54,0.18,0.09,0.37,0.55,6.29,9.81,7.54,13510
Melvin Upton Jr.,Padres,SDN @ LAN,LF,4.57,0.85,0.53,0.17,0.01,0.14,0.52,0.33,0.18,0.1,0.44,1.38,6.25,9.64,7.44,5015
Brock Holt,Red Sox,TBA @ BOS,LF,4.12,1.04,0.76,0.22,0.02,0.03,0.5,0.5,0.07,0.04,0.43,0.83,5.87,9.16,7.02,9345
Howie Kendrick,Dodgers,SDN @ LAN,LF,4.06,1.05,0.74,0.23,0.01,0.07,0.48,0.49,0.08,0.04,0.28,0.61,5.83,9.09,7.04,4229
Nomar Mazara,Rangers,MIN @ TEX,LF,3.99,1.01,0.77,0.14,0.01,0.11,0.47,0.56,0.02,0.01,0.36,0.63,5.83,9.12,6.98,14553
Angel Pagan,Giants,ARI @ SFN,LF,4.51,1.11,0.83,0.22,0.02,0.04,0.49,0.32,0.12,0.07,0.31,0.65,5.67,8.77,6.95,2918
Rajai Davis,Indians,NYA @ CLE,LF,3.94,0.82,0.54,0.19,0.02,0.07,0.39,0.42,0.23,0.07,0.29,0.99,5.65,8.76,6.79,3708
Robbie Grossman,Twins,MIN @ TEX,LF,4.08,0.88,0.65,0.16,0,0.07,0.41,0.4,0.07,0.05,0.45,0.93,5.3,8.23,6.32,5254
Jayson Werth,Nationals,WAS @ NYN,LF,4.48,0.81,0.53,0.17,0,0.11,0.44,0.31,0.03,0.02,0.46,1.42,5.17,8.01,6.13,1327
Mike Aviles,Tigers,DET @ TOR,LF,4.09,0.85,0.56,0.19,0.01,0.09,0.37,0.44,0.06,0.04,0.24,0.62,5,7.8,6.02,5986
Yasmany Tomas,Diamondbacks,ARI @ SFN,LF,4.08,0.9,0.6,0.19,0.01,0.09,0.35,0.43,0.05,0.03,0.21,1.02,4.95,7.72,6,17171
Adam Duvall,Reds,CIN @ MIA,LF,4.09,0.69,0.41,0.15,0.01,0.12,0.32,0.45,0.05,0.03,0.26,1.49,4.71,7.36,5.58,10950
Jeff Francoeur,Braves,ATL @ CHA,LF,3.88,0.83,0.54,0.16,0.01,0.12,0.34,0.4,0.02,0.01,0.19,1.13,4.67,7.27,5.64,4792
Brandon Nimmo,Mets,WAS @ NYN,LF,3.72,0.69,0.51,0.11,0.01,0.06,0.28,0.28,0.06,0.04,0.36,1.06,4.07,6.3,4.89,12927
Mookie Betts,Red Sox,TBA @ BOS,RF,4.76,1.25,0.78,0.29,0.03,0.14,0.76,0.63,0.21,0.08,0.46,0.71,8.58,13.34,10.22,13611
Carlos Gonzalez,Rockies,PHI @ COL,RF,4.29,1.14,0.67,0.17,0.01,0.29,0.7,0.82,0.04,0.02,0.47,1.02,8.53,100,10,7287
George Springer,Astros,OAK @ HOU,RF,4.62,1.04,0.61,0.19,0.02,0.22,0.73,0.56,0.16,0.06,0.66,1.16,8.37,12.98,9.8,12856
Giancarlo Stanton,Marlins,CIN @ MIA,RF,4.08,0.88,0.42,0.19,0.01,0.27,0.62,0.78,0.03,0.02,0.63,1.16,7.95,12.43,9.13,4949
Shin-Soo Choo,Rangers,MIN @ TEX,RF,4.63,1.1,0.76,0.19,0.01,0.14,0.75,0.51,0.11,0.06,0.72,0.85,7.86,12.2,9.22,3174
Adam Eaton,White Sox,ATL @ CHA,RF,4.49,1.11,0.8,0.17,0.04,0.1,0.69,0.48,0.15,0.07,0.57,0.66,7.38,11.45,8.78,11205
Bryce Harper,Nationals,WAS @ NYN,RF,4.28,0.84,0.46,0.15,0,0.22,0.57,0.57,0.1,0.05,0.75,1.17,7.46,11.59,8.62,11579
Ezequiel Carrera,Blue Jays,DET @ TOR,RF,4.66,1.18,0.88,0.22,0.01,0.07,0.66,0.44,0.2,0.09,0.4,0.7,7.07,10.95,8.53,9048
Steven Souza Jr.,Rays,TBA @ BOS,RF,4.29,0.98,0.57,0.22,0.01,0.18,0.56,0.61,0.11,0.06,0.4,1.22,7.1,11.06,8.38,5667
Stephen Piscotty,Cardinals,SLN @ MIL,RF,4.52,1.05,0.66,0.25,0.02,0.12,0.59,0.61,0.07,0.04,0.47,0.81,7.03,10.98,8.29,13367
Peter Bourjos,Phillies,PHI @ COL,RF,4.62,1.09,0.71,0.22,0.06,0.1,0.58,0.47,0.16,0.08,0.4,1.26,6.97,10.81,8.38,2578
Josh Reddick,Athletics,OAK @ HOU,RF,4.44,1.03,0.65,0.17,0.01,0.2,0.53,0.6,0.06,0.03,0.41,0.73,6.98,10.87,8.28,3892
Seth Smith,Mariners,SEA @ KCA,RF,4.72,1.03,0.66,0.23,0.02,0.12,0.64,0.51,0.01,0.01,0.62,0.86,6.94,10.8,8.13,7331
Yasiel Puig,Dodgers,SDN @ LAN,RF,3.94,1.01,0.64,0.19,0.02,0.16,0.53,0.6,0.08,0.05,0.42,0.67,6.83,10.66,8.1,14225
Matt Kemp,Padres,SDN @ LAN,RF,4.36,1.05,0.62,0.23,0.01,0.2,0.51,0.53,0.04,0.02,0.31,1.07,6.63,10.32,7.93,5631
Carlos Beltran,Yankees,NYA @ CLE,RF,4.48,1.09,0.66,0.25,0,0.18,0.49,0.61,0.01,0.01,0.31,1,6.62,10.34,7.9,589
Trayce Thompson,Dodgers,SDN @ LAN,RF,4.17,0.91,0.54,0.21,0.01,0.15,0.54,0.62,0.09,0.05,0.37,0.84,6.6,10.32,7.76,9952
Gregory Polanco,Pirates,CHN @ PIT,RF,4.38,0.96,0.69,0.18,0.01,0.08,0.5,0.33,0.19,0.09,0.46,0.88,6.15,9.49,7.39,12907
Lonnie Chisenhall,Indians,NYA @ CLE,RF,4.05,0.97,0.63,0.19,0.01,0.13,0.46,0.55,0.05,0.02,0.34,0.94,6.05,9.44,7.21,7571
Curtis Granderson,Mets,WAS @ NYN,RF,4.28,0.74,0.43,0.14,0.01,0.16,0.48,0.37,0.07,0.03,0.57,1.27,5.86,9.06,6.84,4747
Ramon Flores,Brewers,SLN @ MIL,RF,3.82,0.93,0.68,0.15,0.01,0.1,0.42,0.46,0.06,0.03,0.45,0.67,5.68,8.84,6.78,11165
Jason Heyward,Cubs,CHN @ PIT,RF,4.29,0.85,0.61,0.16,0.01,0.07,0.42,0.48,0.1,0.05,0.52,0.82,5.68,8.85,6.7,4940
Jarrod Dyson,Royals,SEA @ KCA,RF,3.61,0.88,0.68,0.14,0.03,0.03,0.39,0.32,0.32,0.09,0.26,0.52,5.54,8.54,6.79,4866
Paulo Orlando,Royals,SEA @ KCA,RF,3.98,0.99,0.72,0.18,0.03,0.06,0.37,0.4,0.11,0.05,0.15,0.73,5.12,7.95,6.31,8628
Max Kepler,Twins,MIN @ TEX,RF,4.19,0.86,0.6,0.16,0.03,0.06,0.4,0.41,0.07,0.04,0.35,0.93,5.12,7.96,6.13,12144
Jay Bruce,Reds,CIN @ MIA,RF,4.2,0.73,0.46,0.15,0.03,0.1,0.35,0.43,0.05,0.03,0.41,1.37,5.02,7.81,5.92,9892
Nick Markakis,Braves,ATL @ CHA,RF,4.23,0.86,0.66,0.15,0,0.04,0.34,0.33,0.01,0.01,0.36,0.88,4.41,6.84,5.32,5930
Scott Kazmir,Dodgers,SDN @ LAN,SP,2.48,0.33,0.26,0.05,0,0.01,0.16,0.18,0,0,0.09,0.74,1.7,2.67,2.04,4897
Michael Wacha,Cardinals,SLN @ MIL,SP,2.35,0.28,0.23,0.04,0,0.01,0.14,0.15,0.03,0,0.09,0.85,1.61,2.52,1.94,14078
Jimmy Nelson,Brewers,SLN @ MIL,SP,2.51,0.3,0.24,0.04,0,0.02,0.14,0.16,0,0,0.07,0.9,1.54,2.41,1.86,10547
Jake Arrieta,Cubs,CHN @ PIT,SP,2.49,0.29,0.24,0.04,0,0.01,0.13,0.15,0,0,0.1,1.01,1.49,2.33,1.78,4153
Jon Gray,Rockies,PHI @ COL,SP,2.1,0.29,0.22,0.04,0,0.02,0.14,0.14,0,0,0.07,0.84,1.47,2.3,1.78,14916
Jose Fernandez,Marlins,CIN @ MIA,SP,2.5,0.28,0.22,0.04,0,0.01,0.13,0.14,0,0,0.1,0.87,1.47,2.3,1.76,11530
Vincent Velasquez,Phillies,PHI @ COL,SP,2.18,0.27,0.22,0.03,0,0.01,0.13,0.13,0.02,0.01,0.09,0.85,1.46,2.28,1.77,11189
Patrick Corbin,Diamondbacks,ARI @ SFN,SP,2.53,0.31,0.26,0.04,0,0.01,0.11,0.11,0,0,0.07,0.82,1.37,2.14,1.7,9323
Jeff Samardzija,Giants,ARI @ SFN,SP,2.22,0.27,0.22,0.04,0,0.01,0.12,0.14,0,0,0.08,0.72,1.37,2.15,1.66,3254
Francisco Liriano,Pirates,CHN @ PIT,SP,2.71,0.29,0.24,0.04,0,0.01,0.12,0.11,0,0,0.08,1.05,1.34,2.09,1.64,3201
Andrew Cashner,Padres,SDN @ LAN,SP,2.43,0.26,0.21,0.04,0,0.01,0.12,0.1,0,0,0.08,0.94,1.28,2,1.56,8782
Matt Wisler,Braves,ATL @ CHA,SP,2.66,0.27,0.22,0.04,0,0.01,0.08,0.09,0,0,0.06,1.22,1.17,1.82,1.46,12804
Stephen Strasburg,Nationals,WAS @ NYN,SP,2.71,0.27,0.22,0.04,0,0.01,0.09,0.1,0,0,0.05,1.24,1.16,1.81,1.44,10131
Dan Straily,Reds,CIN @ MIA,SP,2.72,0.23,0.19,0.03,0,0.01,0.08,0.09,0.02,0.01,0.06,1.4,1.12,1.74,1.39,9460
Noah Syndergaard,Mets,WAS @ NYN,SP,2.42,0.22,0.17,0.03,0,0.01,0.08,0.09,0,0,0.07,1.14,1.04,1.62,1.27,11762
Jonathan Villar,Brewers,SLN @ MIL,SS,4.57,1.04,0.73,0.19,0.01,0.12,0.63,0.38,0.39,0.15,0.51,1.18,7.81,12.02,9.36,10071
Carlos Correa,Astros,OAK @ HOU,SS,4.3,1.01,0.62,0.21,0.02,0.16,0.6,0.66,0.13,0.07,0.54,0.87,7.62,11.88,8.95,14162
Corey Seager,Dodgers,SDN @ LAN,SS,4.47,1.2,0.79,0.23,0.01,0.17,0.66,0.56,0.05,0.03,0.38,0.67,7.32,11.39,8.75,13624
Brad Miller,Rays,TBA @ BOS,SS,4.71,1.19,0.77,0.26,0.04,0.12,0.64,0.52,0.11,0.06,0.4,0.85,7.31,11.35,8.76,12775
Tim Anderson,White Sox,ATL @ CHA,SS,4.6,1.21,0.88,0.2,0.02,0.11,0.63,0.48,0.24,0.11,0.24,1.08,7.21,11.18,8.79,15172
Xander Bogaerts,Red Sox,TBA @ BOS,SS,4.53,1.2,0.83,0.26,0.01,0.11,0.63,0.63,0.07,0.04,0.39,0.88,7.19,11.23,8.59,12161
Trevor Story,Rockies,PHI @ COL,SS,4.19,0.93,0.52,0.21,0.04,0.16,0.58,0.62,0.12,0.05,0.43,1.3,7.13,11.12,8.38,12564
Aledmys Diaz,Cardinals,SLN @ MIL,SS,4.73,1.11,0.69,0.27,0.02,0.13,0.64,0.48,0.08,0.05,0.45,0.69,7.09,11.01,8.43,15937
Troy Tulowitzki,Blue Jays,DET @ TOR,SS,4.14,0.98,0.58,0.21,0.01,0.19,0.61,0.67,0.02,0.01,0.44,0.72,7.07,11.06,8.26,3531
Eduardo Nunez,Twins,MIN @ TEX,SS,4.72,1.16,0.79,0.24,0.02,0.1,0.53,0.47,0.21,0.11,0.26,0.72,6.88,10.67,8.38,6848
Francisco Lindor,Indians,NYA @ CLE,SS,4.36,1.07,0.77,0.18,0.01,0.11,0.5,0.52,0.14,0.08,0.38,0.79,6.59,10.24,7.92,12916
Elvis Andrus,Rangers,MIN @ TEX,SS,3.87,0.98,0.73,0.19,0.02,0.03,0.43,0.45,0.18,0.07,0.34,0.42,5.78,8.98,6.99,8709
Marcus Semien,Athletics,OAK @ HOU,SS,4.02,0.84,0.5,0.16,0.02,0.15,0.44,0.44,0.08,0.03,0.3,1.01,5.63,8.76,6.71,12533
Addison Russell,Cubs,CHN @ PIT,SS,4.18,0.86,0.58,0.19,0.01,0.08,0.42,0.47,0.05,0.03,0.51,1.02,5.62,8.74,6.61,14106
Ketel Marte,Mariners,SEA @ KCA,SS,3.96,0.96,0.71,0.2,0.02,0.03,0.41,0.44,0.18,0.07,0.25,0.56,5.46,8.49,6.64,13613
Brandon Crawford,Giants,ARI @ SFN,SS,4.11,0.9,0.64,0.16,0.03,0.07,0.42,0.5,0.03,0.02,0.39,0.8,5.42,8.47,6.45,5343
Freddy Galvis,Phillies,PHI @ COL,SS,4.09,0.97,0.69,0.16,0.03,0.09,0.41,0.42,0.07,0.03,0.26,0.83,5.39,8.37,6.55,6609
Didi Gregorius,Yankees,NYA @ CLE,SS,3.93,0.94,0.68,0.16,0.01,0.09,0.4,0.39,0.06,0.03,0.24,0.65,5.07,7.87,6.16,6012
Jose Iglesias,Tigers,DET @ TOR,SS,3.84,0.86,0.63,0.17,0.01,0.05,0.39,0.33,0.08,0.04,0.28,0.49,4.72,7.33,5.72,10231
Zack Cozart,Reds,CIN @ MIA,SS,4.48,0.84,0.56,0.2,0.02,0.06,0.35,0.24,0.08,0.03,0.31,1.04,4.63,7.14,5.63,2616
Asdrubal Cabrera,Mets,WAS @ NYN,SS,3.85,0.72,0.44,0.16,0.01,0.11,0.34,0.36,0.04,0.02,0.33,1.05,4.65,7.22,5.52,4962
Alexei Ramirez,Padres,SDN @ LAN,SS,3.93,0.86,0.61,0.18,0,0.07,0.29,0.37,0.09,0.06,0.19,0.56,4.57,7.1,5.6,5133
Alcides Escobar,Royals,SEA @ KCA,SS,3.73,0.92,0.7,0.17,0.02,0.02,0.34,0.32,0.14,0.04,0.13,0.45,4.54,7.03,5.64,6310
Ruben Tejada,Giants,ARI @ SFN,SS,3.88,0.82,0.61,0.18,0,0.03,0.34,0.39,0.02,0.02,0.43,0.55,4.6,7.16,5.48,5519
Jordy Mercer,Pirates,CHN @ PIT,SS,3.85,0.83,0.59,0.19,0.01,0.04,0.28,0.37,0.02,0.02,0.32,0.76,4.34,6.75,5.24,6547
Adeiny Hechavarria,Marlins,CIN @ MIA,SS,3.71,0.82,0.6,0.14,0.04,0.03,0.3,0.38,0.04,0.02,0.25,0.51,4.31,6.72,5.25,10459
Danny Espinosa,Nationals,WAS @ NYN,SS,3.82,0.62,0.38,0.13,0,0.1,0.28,0.36,0.04,0.02,0.32,1.44,4.25,6.61,5.03,9219
Erick Aybar,Braves,ATL @ CHA,SS,3.75,0.82,0.58,0.19,0.01,0.04,0.28,0.29,0.06,0.04,0.19,0.66,4.04,6.26,4.96,4082
Nick Ahmed,Diamondbacks,ARI @ SFN,SS,3.83,0.76,0.55,0.15,0.02,0.04,0.26,0.32,0.07,0.04,0.21,0.66,3.98,6.18,4.87,12147
